rank,bar,address,neighborhood,avg_km_per_player,proximity_score,space_2board_score,space_confidence,food,tuesday_status,insider_flag,transit8,walk_g,walk_ac,total_score,ownership,in_red_circle,open_status,league_bar_adjacent,phone,space_notes,space_detail,food_detail,tuesday_detail,insider_note,transit,notes,lat,lon,called_on,spoke_to,two_boards_confirmed,tuesday_confirmed,outcome
1,The Emerson,561 Myrtle Ave,Clinton Hill,3.6,4.8,5,PARTIAL,BYO / DELIVERY OK,CLEAR,,6/8,0.59,1.32,5.6,"INDEPENDENT - owner Gina, open since 2010, single location, cash only",IN,OPEN,yes,(347) 763-1310,STRENGTHENED: a Brooklyn bar guide describes it as 'huge inside (both wide and long)' - the first direct size statement found for any candidate. Plus a pool table AND a ping-pong table indoors and a large backyard. UNKNOWN: whether a clear 10-12ft wall run survives that furniture.,Pool table AND ping-pong table indoors + large backyard; 'plenty of space to move around'. Two existing game footprints = best 2-board evidence on the list,"No kitchen - BYOF policy, order in or bring your own. Resolves the earlier conflicting reports.",Live music is THURSDAY 9pm; HH Mon-Fri 4-7,,G Classon; C Clinton-Washington,"INDEPENDENT, owner Gina, open since 2010. ALREADY RUNS APA POOL LEAGUE NIGHTS - this bar already hosts a league and knows how the night works. Cash only. Described as 'huge inside, both wide and long'.",40.6942,-73.9605,,,,,
2,Branded Saloon,603 Vanderbilt Ave,Prospect Heights,4.18,2.7,5,EXCEPTIONAL,YES - KITCHEN,CLEAR,CJ PROMISING,2/8,1.09,0.54,5.53,"INDEPENDENT - queer owned and operated, single location",IN,OPEN,no,,"CJ: exceptional space available - the standout of the whole search. A dedicated back performance room (capacity 120, built to hold an audience) PLUS substantial upstairs the teams could take over. No other candidate offers two independent rooms. UNKNOWN only: the upstairs dimensions and whether it is available on a recurring Tuesday - and their calendar shows Tuesday is their quietest night by a wide margin.",EXCEPTIONAL - back performance room (cap. 120) plus substantial upstairs; two independent rooms,Full kitchen; country-western themed menu,"VERIFIED from their public Google Calendar (4,312 events): Tuesday is their QUIETEST night by a wide margin - just 2 Tuesday events in all of 2026, versus 24 Sundays, 16 Mondays and 13 Saturdays. ZERO upcoming Tuesdays are booked. Karaoke and trivia are Thursdays; the drag dinner is Fridays.",CJ: 'low-key could be a sneaky good pick' - a lot of space upstairs we could take over.,C Clinton-Washington 0.6km; G 1.2km; Atlantic-Barclays 0.9km,"Independent, queer-friendly country-western bar. Two possible rooms: back performance space and upstairs.",40.6788,-73.9688,,,,,
3,Bilt Bar,583 Vanderbilt Ave,Prospect Heights,4.13,2.9,4,ADEQUATE - per photos,LIMITED,UNKNOWN,CJ PROMISING,2/8,0.94,0.46,3.82,"INDEPENDENT (likely) - small, new, single location; no group found",IN,OPEN,no,,"CJ: the space seems reasonable - fair to call it okay rather than outstanding. Enough room in the back to work with, not a standout. KNOWN: 2 pinball machines. UNKNOWN: exact depth and whether a clear wall run exists - tape measure on the visit.",Adequate back area per photo review; 2 pinball machines,Charcuterie and snacks; Guinness on tap. No full kitchen found.,,"CJ, twice: 'looks pretty solid', space in the back per photos, and rates it about level with Branded Saloon and clearly above the Crown Inn.",C Clinton-Washington 0.51km; 2/3/4/5 Atlantic-Barclays 0.86km; G 1.02km,"CJ rates this a solid option, roughly level with Branded Saloon. Independent, single location. Two things still unconfirmed that Branded Saloon has already cleared: a free Tuesday, and a measured room. Both are one visit away.",40.68,-73.9695,,,,,
4,Union Hall,702 Union St,Park Slope,4.52,1.4,5,CONFIRMED-GOOD - CJ FIRSTHAND,YES - KITCHEN,LIKELY OK,CJ ENDORSED - SPACE CONFIRMED,4/8,0.65,1.38,3.75,SMALL LOCAL GROUP - sister venue to Floyd (2 bars),IN,OPEN,yes,,"CONFIRMED BY CJ, firsthand: it has the space. 5,000 sq ft bar/restaurant/venue with TWO INDOOR BOCCE COURTS - a bocce court is a long clear lane, so floor depth is not in question here the way it has been everywhere else. The courts are free and first-come except during league play. UNKNOWN: whether a board can be mounted clear of the bocce lanes and out of the path to the downstairs room.","5,000 sq ft; two indoor bocce courts; downstairs live music and comedy room; full kitchen",Full bar and restaurant. Kitchen Tuesday 4pm-10pm.,"Open Tuesday 4pm-2am - the widest window of any candidate, so a 7pm start has hours of slack. The Rogue Bocce league runs MONDAY nights, not Tuesday, and no Tuesday events appear on their calendar. UNVERIFIED: whether the downstairs music/comedy room books Tuesdays - though darts would use the bocce floor, not downstairs.","CJ has been there and says it has the room. Second candidate ever with firsthand space evidence, and the first from CJ himself rather than secondhand.","Union St (R) 0.28km - gives Craig and Elle a one-seat R from 14th St-Union Sq, the same advantage as The Layup but closer to the door. 7th Av (F/G) 0.65km. Nearest A/C is Hoyt-Schermerhorn at 1.38km, which is poor. Mark and Olivia can WALK from Gowanus (~0.75km), moving two players out of the transit-dependent eight. transit8 4/8 is an ESTIMATE, not output of the original one-seat model - recompute before relying on it.","ADDED AT CJ'S REQUEST after he confirmed the space firsthand. Already hosts an OUTSIDE league (Rogue Bocce, Mondays) - the strongest 'this venue says yes to leagues' evidence in the file, stronger than The Emerson's in-house APA pool. Furthest live candidate at 4.52 km/player, but still closer than the Park Slope league bars Monro Pub (5.02) and Farrell's (5.68). total_score 3.75 is hand-assigned, as this column is throughout.",40.6767,-73.9800,,,,,
5,McMahon's Public House,39 5th Ave,Park Slope (North Slope),4.35,2.0,4,"UNKNOWN - ""spacious interior"" + upstairs lounge, unverified",YES - KITCHEN,LIKELY OK - open 11am-2am,"CJ ADDED - ""looks like a legit option""",6/8,1.00,1.10,3.55,"INDEPENDENT - single location (took over O'Connor's, closed after 80+ years)",IN,OPEN,yes,,"Described as a SPACIOUS interior with old-world joinery by an Irish carpenter. The candidate space is the UPSTAIRS LOUNGE, which they let for private events - the same profile as Branded Saloon's upstairs. Also a back garden with a TV and two outdoor patios. UNVERIFIED: no source gives dimensions or a clear wall run. No games listed, so there is no board and no proven throwing lane.",Main bar + UPSTAIRS LOUNGE for private events + back garden with TV + two outdoor patios; full kitchen,"Full kitchen, menu and catering. Food available across the whole match window.","Open 11am-2am daily, so Tuesday has more slack than almost any candidate. No Tuesday event found, but they programme sport heavily (Premier League, UEFA, Six Nations, NFL) - check nothing lands on Tuesday nights.","CJ, 2026-09-18: looks like a legit option. Add it.","Atlantic Av-Barclays hub (2/3/4/5/B/D/N/Q/R) 0.45km - a one-seat R for Craig and Elle from 14th St-Union Sq, and Bergen St (2/3) 0.37km. The G and A/C are both about 1km, so it fails the walk-to-both-G-and-C test. transit8 6/8 is an ESTIMATE on the Atlantic-Barclays hub, not the original one-seat model.","ADDED AT CJ'S REQUEST. Best VIBE match on the list for steel-tip darts: an Irish public house and neighbourhood sports bar, which is the same venue type as the old home bar - The Bar in Gowanus billed itself as a Premier League home. Single location, full kitchen, 11am-2am Tuesdays, and 4.35 km/player beats Union Hall, the Crown Inn and The Layup. NOTE ON STATUS: this address held O'Connor's, a dive since 1931, which is marked CLOSED; McMahon's took it over around 2014. Trading status rests on an August 2026 Yelp listing with 285 reviews, a live own-domain site, an active Facebook page and a doNYC events page - broad and current-looking, but not a phone call. Confirm before travelling.",40.6805,-73.9793,,,,,
6,The Crown Inn,724 Franklin Ave,Crown Heights,4.46,1.6,3,UNKNOWN,YES - KITCHEN,TRIVIA - MAY COEXIST,ENDORSED-STRONG,0/8,1.89,1.01,3.48,"INDEPENDENT (likely) - single location, no group found",IN,OPEN,no,,"KNOWN: street-facing seating up front, a darker back seating area, and a backyard that closes at 11pm. The back area is the candidate space and may be usable during trivia. UNKNOWN: whether any of it offers a clear wall run - every published description is about seating, not open floor.",Front street-facing seating + darker back seating area + backyard (backyard closes 11pm),"Grilled cheese + McClure's chips, oysters, crostini, charcuterie, cheeses","Hosts trivia at 7:30pm, BUT per CJ the back seating area may be free to us while trivia runs up front - the two could coexist. Open Tue 4pm-2:30am, the latest close of any candidate. Backyard shuts at 11pm.",Commissioner's contact: 'by far the most likely to work' of the bars discussed. Strongest human signal on the list - overrides my distance penalty to a degree. Tuesday trivia conflict still needs resolving.,2/3/4/5 Franklin Ave; S-Franklin,"BACK IN PLAY. The commissioner's contact rated it 'by far the most likely to work'. Trivia may not be disqualifying if the back room is free. The real cost is transit: 0 of 8 - it is 1.9km from the G and 1.0km from the A/C, the furthest of any live candidate, and the worst outcome for Hayley, Chris, Mark, Olivia, Craig and Elle.",40.672,-73.9575,,,,,
7,Fulton Grand,1011 Fulton St,Clinton Hill,3.91,3.7,5,CONFIRMED-GOOD,UNKNOWN,UNKNOWN,VIBE QUERY,8/8,0.68,0.15,3.33,SMALL LOCAL GROUP - same team as Washington Commons and 4th Avenue Pub (3 bars),IN,OPEN,no,,"KNOWN (from the owner of Moot Bar, via the commissioner): there is a BACK ROOM that was previously used for shuffleboard or pinball - 'would be perfect for darts if that were feasible'. A room that held a shuffleboard table (22 ft long) is unambiguously deep enough for two regulation lanes. UNKNOWN: whether the room is still available or has been repurposed - that is the whole question.","BACK ROOM formerly used for shuffleboard/pinball - insider-described, best space evidence on the list",,,"Commissioner's contact flagged the back room as ideal for darts. CJ's caveat: the vibe does not obviously say darts bar - worth testing on the visit. NOTE: same ownership team as Washington Commons, which CJ rated low on vibe - that may be exactly why Fulton Grand feels off too.",A/C Franklin,COMMISSIONER-RECOMMENDED + insider space intel. CJ's concern: the vibe does not obviously say darts bar. Ask whether the back room is still free AND whether they actually want a league night.,40.6832,-73.964,,,,,
8,Halyards,406 3rd Ave,Gowanus,4.91,0.4,4,STRONG SIGNAL - ALREADY HAS DART BOARDS,"UNKNOWN - beer and whiskey menu, kitchen unconfirmed",LIKELY OK - open 4pm-2am,"HAS BOARDS ALREADY - CJ: ""changes everything""",4/8,0.47,1.60,3.2,"INDEPENDENT - single location, established 2011",IN,OPEN,no,,"THE ONLY NON-LEAGUE BAR FOUND THAT ALREADY HAS DART BOARDS. Corroborated three ways: their own site quotes customers on ""a cool local vibe with pool and darts"" and - the useful one - ""the pool/dart AREA was so great for a small bday celebration"", which describes a dedicated area rather than a board on a wall. Independent coverage calls it ""a nice, normal bar with some dart BOARDS and a pool table"" (plural). A pool table is real floor-depth evidence, unlike pinball. Multiple rooms plus a private party room with its own sound system. UNVERIFIED: whether the boards are STEEL TIP (the league is steel tip - they may be soft tip or electronic), whether there is ~11 ft of clear depth, and whether a second board could go up.",Multiple rooms; back lounge with pool table and dart board(s); private party room with separate sound system,,"Open Tue 4pm-2am - a wide window. They run trivia, live comedy and watch parties, but no source names the night, so confirm Tuesday is not one of them.","CJ, 2026-09-18: asked whether it really already has a board - ""that changes everything"". Verified: yes, corroborated across their own site and independent coverage.","Union St (R) 0.45km, 4th Av-9th St (F/G/R) 0.47km, so the G is a reasonable walk. Nearest A/C is about 1.6km - poor. transit8 4/8 is an ESTIMATE, not the original one-seat model.","FOUR BLOCKS from the old home bar at 286 Third Ave, and the closest thing to a like-for-like replacement found. A bar that already has boards has already answered the two questions that have killed most candidates: would they want a board on the wall, and is there anywhere to throw. That is why it ranks above its distance. The distance is the problem: 4.91 km/player is second-worst of the live set and 1.32 km worse than The Emerson.",40.6748,-73.9873,,,,,
9,Coyote Club,417 Throop Ave,Bed-Stuy,3.82,4.0,3,UNKNOWN,UNKNOWN,LIKELY OK,,0/8,1.09,1.07,3.15,"INDEPENDENT (likely) - single location, cash only, no group found",IN,OPEN,no,,"KNOWN: red leather booths, a photo booth, outdoor seating, open 4pm-4am daily. UNKNOWN: open floor area. Booths imply a fitted-out room, which usually means less free wall.",Red leather booths; photo booth; outdoor seating,,Open 4pm-4am DAILY,,B46/B26 bus,$4 beer-and-shot; excellent hours,40.6872,-73.941,,,,,
10,Alibi,242 DeKalb Ave,Fort Greene,3.77,4.2,5,PARTIAL,LIKELY NONE,CLEAR,WARNED,8/8,0.13,0.59,2.86,"INDEPENDENT (likely) - single-location dive, cash only",IN,OPEN,no,(718) 783-8519,"KNOWN: separate INDOOR back room, graffiti-covered, described as 'lots of room out back for larger groups'; also a pool table, arcade games and a rear garden. UNKNOWN: back room dimensions and whether the pool table sits in it. Strong candidate but two-board fit is NOT confirmed.","Graffiti-covered INDOOR BACK ROOM, 'lots of room out back for larger groups' + pool table + arcade + rear garden. Below street level","Classic dive, cash only - no kitchen found",Tue 4pm-2am; karaoke is MONTHLY not weekly,Commissioner's contact: 'Alibi is Alibi lol' - dismissive. Treat the space advantage with caution.,G Clinton-Washington; C Lafayette,CASH ONLY. Back room is indoor - strong 2-board candidate,40.6897,-73.968,,,,,
11,The Franklin,448 Franklin Ave,Bed-Stuy,3.77,4.2,3,UNKNOWN,UNKNOWN,UNKNOWN,,8/8,0.49,0.47,2.86,UNVERIFIED - no group affiliation found,IN,OPEN,no,,"KNOWN: indoor plus limited outdoor; wine-bar leaning. UNKNOWN: size, layout, wall space. No size information found anywhere.",Indoor + limited outdoor; wine-bar leaning,,,,G Bedford-Nostrand; A/C Franklin,Wine focus may be wrong room for steel tip,40.6852,-73.957,,,,,
12,Black Forest Brooklyn,733 Fulton St,Fort Greene,3.97,3.6,4,"UNKNOWN - big room, wall run unverified",YES - KITCHEN,TRIVIA 7:30 + CLOSES 10PM,CJ ADDED - MAY COEXIST WITH TRIVIA,8/8,0.28,0.12,2.8,"SMALL LOCAL GROUP - 2 sites (733 Fulton St + 181 Smith St), opened ~2013 by Black Forest natives",IN,OPEN,no,,"German beer hall. Main room is the 'Skylight Room' - brick and wood, two large skylights, SEVEN LARGE COMMUNAL TABLES plus hightops - with a backyard beer garden and heated sidewalk seating. CJ's read: big enough that trivia and darts might run at the same time. The open question is not volume but a CLEAR WALL RUN - communal tables fill the floor, though unlike fixed banquettes they can be moved. UNVERIFIED in person.","'Skylight Room' with seven large communal tables + hightops; backyard beer garden; sidewalk seating. The Smith St sister site has a separate Back Room plus a covered backyard chalet, but is far worse on distance (4.86).","German beer hall food - pretzels, wursts. 14 German drafts in half-litre, litre and two-litre boots. Private event packages $22-60/person food, from $40/person beverage.","TWO problems, and the second is the bigger one. (1) Trivia Tuesdays weekly, free-to-play, 7:30pm - CJ's view is the room may be big enough to run both. (2) CLOSES 10PM Mon-Thu. A 7pm start needing 3-4.5 hours runs to 10:00-11:30pm, so a 10pm close does not fit a match night at all. Direct question for a phone call: would they stay open later for a booked league?","CJ, 2026-09-18: add it - the location could be big enough to run trivia and darts at the same time.","BEST TRANSIT OF ANY CANDIDATE. Lafayette Av (C) 0.12km and Fulton St (G) 0.28km - the project's core test, walk to both the G and the C from the front door, is satisfied outright and more comfortably than at Fulton Grand. Atlantic-Barclays hub (2/3/4/5/B/D/N/Q/R) at 0.41km also gives Craig and Elle a one-seat ride from Manhattan.","ADDED AT CJ'S REQUEST. Strongest transit in the file and 4th-best distance of the live set at 3.97 km/player, with a genuinely large room. Held back entirely by Tuesday: trivia at 7:30 AND a 10pm close. Score 2.8 reflects the 10pm close, which no amount of floor space fixes unless they will extend. Two sites, so it passes the not-a-chain screen.",40.6863,-73.9723,,,,,
13,Bed-Vyne Cocktail,Throop Ave at Halsey St,Bed-Stuy,3.9,3.7,3,UNKNOWN,UNKNOWN,UNKNOWN,,0/8,1.17,0.89,2.74,UNVERIFIED - no group affiliation found,IN,OPEN,no,,"NO SPACE INFORMATION FOUND AT ALL. Listed only as a cocktail bar, sister to Bed-Vyne Brew. Complete unknown - could be great or tiny.",Cocktail bar; sister to Bed-Vyne Brew,,,,B26/B46 bus,,40.6848,-73.9412,,,,,
14,The Layup,47 5th Ave,Park Slope / Boerum Hill,4.35,2.0,3,UNKNOWN,YES - KITCHEN,UNKNOWN,,6/8,0.82,0.84,2.73,INDEPENDENT (likely) - single-location sports bar; OWNERSHIP CHANGED in the last year,IN,OPEN,no,,"NO DARTBOARD - assume none, unconfirmed. They were lined up to join the league about a year ago but ownership changed before it happened, so they have never hosted darts and there is no proven board fit. KNOWN: sports bar, nine screens, wall of TVs. UNKNOWN: floor area and whether any wall is free of televisions - in a nine-screen sports bar the walls are the contested surface.","Sports bar, nine screens; no dartboard (assumed), never hosted darts",Classic bar food,,,Bergen St (2/3) 0.38km; Atlantic-Barclays hub 0.46km; Union St (R) 0.46km; G 0.82km; A/C 0.84km. Craig and Elle get a ONE-SEAT R ride from 14th St-Union Sq - better than their L-to-G elsewhere.,"Suggested by CJ. Was due to join the league a year ago; ownership changed and it never happened - the new owner has made no commitment. Geographically the furthest west of the live set: Mark and Olivia could walk it (0.7km) but it is 4.8-6.1km for Hayley, Mitch and Lulu and 13.4km for Chris. CAUTION: a change of ownership voiding an expected arrangement is exactly how the last bar was lost.",40.6805,-73.9795,,,,,
15,Bar Sepia,234 Underhill Ave,Prospect Heights,4.19,2.7,3,UNKNOWN,UNKNOWN,UNKNOWN,,2/8,1.21,0.57,2.46,INDEPENDENT (likely) - single location,IN,OPEN,no,,KNOWN: board games available - signals a games-tolerant owner. UNKNOWN: size.,Board games; neighbourhood bar,,,,C Clinton-Washington 0.6km; G 1.2km,,40.678,-73.967,,,,,
16,Plan B,626 Vanderbilt Ave,Prospect Heights,4.2,2.6,3,UNKNOWN,UNKNOWN,UNKNOWN,,2/8,1.15,0.59,2.45,INDEPENDENT (likely) - single location,IN,OPEN,no,,"KNOWN: lots of TVs playing sports, cheap happy hour. Sports-bar format often means open floor. UNKNOWN: size.",Sports bar; many TVs,,,,C Clinton-Washington 0.6km; G 1.2km,,40.6782,-73.9686,,,,,
17,Bearded Lady,686 Washington Ave,Prospect Heights,4.21,2.6,3,UNKNOWN,UNKNOWN,UNKNOWN,,2/8,1.37,0.71,2.44,"INDEPENDENT - owner also opened a second bar on Nostrand (2 bars, local)",IN,OPEN,no,,"KNOWN: has a pool table, cheap domestic beer. UNKNOWN: room size entirely.",Pool table; cheap beer,,,,C Clinton-Washington 0.8km; G 1.4km,,40.6768,-73.9636,,,,,
18,Nostrand Avenue Pub,722 Nostrand Ave,Crown Heights,4.34,2.1,3,UNKNOWN,UNKNOWN,UNKNOWN,,2/8,1.77,0.75,2.31,UNVERIFIED - no group affiliation found,IN,OPEN,no,,KNOWN: beer pub with extensive rotating taps. UNKNOWN: size and layout - no description found.,Beer pub; extensive rotating taps,,,,B44; 3 Nostrand,Far south,40.674,-73.9503,,,,,
19,Do or Dive,1108 Bedford Ave,Bed-Stuy,3.72,4.4,3,UNKNOWN,LIMITED,CLEAR,WARNED,8/8,0.34,0.65,2.21,UNVERIFIED - no group affiliation found,IN,OPEN,no,,"KNOWN: has a pool table, so some open floor exists. UNKNOWN: room size, wall availability, and whether anything is left over after the pool table. Two-board capacity is a complete guess right now.",Dive w/ pool table - one game footprint. Two boards unproven,"Bar snacks, ham & cheese croissants, frozen coffee",Mon-Sat 12pm-4am,Commissioner's contact: 'a meat market for 23 year olds'. Wrong crowd for a 3-4.5hr Tuesday match.,G Bedford-Nostrand; B44,Pool table may compete for the same floor,40.6868,-73.9549,,,,,
20,Brooklyn Beso,370 Lewis Ave,Bed-Stuy,3.92,3.7,3,UNKNOWN,UNKNOWN,UNKNOWN,,0/8,1.48,1.43,2.18,UNVERIFIED - no group affiliation found,EDGE,OPEN,no,,"KNOWN: garden-like space, colorful murals, lounge chairs, DJ backyard. UNKNOWN: indoor room - all descriptions are of the outdoor area.",Garden space; DJ backyard,,,,B46/B15,Sits ON the boundary line - VERIFY,40.687,-73.9355,,,,,
21,The Dram Shop,339 9th St,Park Slope,5.30,0.1,4,"STRONG SIGNAL - DARTS, POOL AND SHUFFLEBOARD",YES - KITCHEN (sports bar menu),UNKNOWN,"CJ ADDED - LAST DITCH, TOO FAR",4/8,0.20,2.10,2.0,"INDEPENDENT (likely) - single location, 15+ years",IN,OPEN,yes,,"Best game-space signals of any candidate: DARTS, POOL *AND* SHUFFLEBOARD in one venue, and the Brooklyn APA Pool League operates out of this address - so it already hosts an outside league on a weeknight. Three floor games means the floor is genuinely there. UNVERIFIED: steel tip vs soft tip, clear depth, and whether Tuesday is free.","Sports bar with darts, pool and shuffleboard; hosts the Brooklyn APA Pool League",,"Not established. The APA pool league runs out of here, so ask which nights it occupies.","CJ, 2026-09-18: add it, but note it is really far - a LAST DITCH bar for us.","4th Av-9th St (F/G/R) 0.20km, so the G is very close. Nearest A/C is about 2.1km - effectively unusable. transit8 4/8 is an ESTIMATE.","LAST-DITCH OPTION, CJ'S WORDS. At 5.30 km/player it is comfortably the furthest live candidate - 0.58 km beyond even the old home bar and 1.71 km worse than The Emerson - which is why it scores 2.0 and sits last despite having the strongest game-space evidence on the list. Only worth a call if the closer options fail.",40.6690,-73.9870,,,,,
22,Bad Luck Bar,492 Nostrand Ave,Bed-Stuy,3.78,4.2,2,LIKELY-TOO-SMALL,UNKNOWN,UNKNOWN,,8/8,0.55,0.53,1.69,UNVERIFIED - no group affiliation found,IN,OPEN,no,,"KNOWN: round marble bar with window-table seating. INFERRED: descriptions focus on the bar itself with no room or back area mentioned, which usually means one small room. UNKNOWN: confirmed dimensions.",Round marble bar + window seating - reads small,,,,B44; G Bedford-Nostrand,,40.6855,-73.95,,,,,
23,Cocktail Bedstuy,305 Halsey St,Bed-Stuy,3.78,4.2,2,LIKELY-TOO-SMALL,UNKNOWN,UNKNOWN,,8/8,0.6,0.54,1.69,UNVERIFIED - no group affiliation found,IN,OPEN,no,,"KNOWN: explicitly described as a 'narrow, brick-lined space' with a backyard. A narrow room is the single worst shape for a throwing lane. Two boards very unlikely, though not formally measured.","'Narrow, brick-lined space' + backyard",,,,B44/B26,Narrow - unlikely to fit two lanes,40.6855,-73.949,,,,,
24,Washington Commons,748 Washington Ave,Prospect Heights,4.32,2.2,4,PARTIAL,BYO / DELIVERY OK,UNKNOWN,VIBE CONCERN,0/8,1.59,0.91,1.63,SMALL LOCAL GROUP - same team as Fulton Grand and 4th Avenue Pub (3 bars),IN,OPEN,no,,"KNOWN: split-level interior, big backyard with 13 picnic tables, multiple TVs. Split-level + 13-table yard means genuinely large premises. UNKNOWN: whether the indoor level has a clear wall run for two lanes - the size evidence is mostly about the yard.",Split-level interior + large backyard (13 picnic tables) + multiple TVs,"No kitchen, but explicitly welcomes outside food and delivery - plus free popcorn",,"Named by the commissioner's contact, but CJ rates it low on vibe for a darts night.",2/3 Eastern Pkwy; S Botanic Garden; B45,"Low on vibe per CJ, and 0 of 8 on transit - too far from both the G and the A/C. The split-level room and BYO-food policy were the draw; neither survives those two problems.",40.6748,-73.963,,,,,
25,C'mon Everybody,325 Franklin Ave,Bed-Stuy,3.94,3.6,5,CONFIRMED-GOOD,UNKNOWN,BOOKED,,4/8,0.91,0.05,1.6,UNVERIFIED - no group affiliation found,IN,OPEN,no,,"KNOWN: purpose-built separate back stage room - a real room, almost certainly fits two lanes. UNKNOWN: nothing about space; the blocker here is Tuesday programming, not square footage.","Front bar + SEPARATE BACK STAGE ROOM - purpose-built room, easily fits two lanes",,Active music venue - Tuesday events booked (Tue 5pm-2am),,A/C Franklin,Best room on the list but it is programmed Tuesdays. Ask if Tue is ever free,40.6812,-73.9565,,,,,
26,Frog Wine Bar,358 Marcus Garvey Blvd,Bed-Stuy,3.86,3.9,2,LIKELY-TOO-SMALL,UNKNOWN,UNKNOWN,,0/8,1.28,1.28,1.31,UNVERIFIED - no group affiliation found,EDGE,OPEN,no,,CONFLICTING: has a pool table in back (implies some floor) but is explicitly described as having 'little space'. The direct negative probably wins. UNKNOWN: which room the pool table is in.,Pool table in back + backyard BUT 'little space' indoors,,,,B46/B15,~0.2km inside boundary - VERIFY,40.6875,-73.938,,,,,
27,Zig Zag,382 Marcus Garvey Blvd,Bed-Stuy,3.87,3.8,2,UNKNOWN,UNKNOWN,UNKNOWN,,0/8,1.31,1.25,1.3,UNVERIFIED - no group affiliation found,EDGE,OPEN,no,,"KNOWN: tropical decor with plants and animals. That is a decor description, not a size one. UNKNOWN: everything about dimensions.",Tropical lounge; retro decor,,,,B46/B15,~0.2km inside boundary - VERIFY,40.687,-73.938,,,,,
28,Bed Stuy Barb's,380A Marcus Garvey Blvd,Bed-Stuy,3.87,3.8,2,UNKNOWN,UNKNOWN,UNKNOWN,,0/8,1.31,1.25,1.3,UNVERIFIED - no group affiliation found,EDGE,OPEN,no,,NO SPACE INFORMATION FOUND. Listed only as a cocktail bar on Marcus Garvey Blvd.,Cocktail bar,,,,B46/B15,~0.2km inside boundary - VERIFY,40.687,-73.938,,,,,
29,Glorietta Baldy's,502 Franklin Ave,Bed-Stuy,3.74,4.3,1,CONFIRMED-TOO-SMALL,YES - KITCHEN,CLEAR,RULED OUT,8/8,0.39,0.59,0.56,SMALL LOCAL GROUP - with Cardiff Giant and Bar Great Harry (3 bars),IN,OPEN,no,,"RULED OUT BY CJ, firsthand: small room and the wrong feel for a weekly darts night. Overrides the earlier UNKNOWN. The pinball machines were never floor-space evidence - they sit against a wall.",Pinball machines (wall footprint only); floor space unproven,"Wood-fired pizzas, discounted at happy hour","Trivia is WEDNESDAY, not Tuesday","Named by the commissioner's contact, but CJ rules it out on size and fit.",G Bedford-Nostrand; A/C Franklin,"RULED OUT by CJ: too small, wrong vibe. Wood-fired pizza was the draw, not the room.",40.6862,-73.9572,,,,,
30,Hartley's,14 Putnam Ave,Clinton Hill,3.81,4.1,1,CONFIRMED-TOO-SMALL,YES - KITCHEN,CLEAR,RULED OUT,8/8,0.4,0.33,0.54,"INDEPENDENT - Irish pub, single location",IN,OPEN,no,(347) 799-2877,"RULED OUT BY CJ, firsthand: the room is small and will not take two lanes. This overrides the earlier UNKNOWN - the 'cozy shebeen' description cut the wrong way. Great Guinness, wrong room.",Cozy Irish pub; kitchen; Monday trad session,"Full Irish comfort-food menu, daily-baked soda bread, locally sourced",Live trad Irish session is MONDAY 8pm - Tuesday appears clear,"Named by the commissioner's contact as a possibility, but CJ has been in and rules it out on both size and fit - not the kind of place that would want a darts team.",G Classon; C Clinton-Washington; B38/B54,"RULED OUT by CJ: too small, and the wrong vibe for a weekly darts night.",40.6858,-73.9645,,,,,
31,Doppelganger (was Cardiff Giant),415 Myrtle Ave,Clinton Hill,3.72,4.4,1,RULED OUT - NO ROOM,UNKNOWN,OPEN TUE 4pm-12am,RULED OUT,6/8,0.47,0.86,0.0,"INDEPENDENT - Double Walker Beer LLC, single location (opened May 2025)",IN,OPEN,no,,"RULED OUT BY CJ from photos: not enough space anywhere in the bar to host a game and hang a board. This finally answers the blank that sat on this address - the old Cardiff Giant row read 'the entire indoor picture, total blank'. Coverage of the handover says only modest changes were made to the space, so the room CJ judged is the same room that was never described.",Backyard (the Beertanical Garden); indoor room small - ruled out,20 beers + 20 ciders,"Open Tuesday 4pm-12am, which would have been a workable window. Space is the blocker, not the night.","CJ, 2026-09-18: from photos, no room anywhere for a board plus throwing space. Ruled out without a visit.",G Clinton-Washington; B54,"VENUE CHANGED: Cardiff Giant CLOSED in March 2026; this address is now Doppelganger, a lager bar whose house game is crokinole - single location, so cleaner on the not-a-chain screen than Cardiff Giant's 3-bar group. Third-closest address assessed at 3.71 km/player and two blocks from The Emerson and Moot Bar, which makes the space verdict the expensive part. RULED OUT on space.",40.693,-73.968,,,,,"RULED OUT 2026-09-18 - no room for a board; venue is now Doppelganger, Cardiff Giant closed Mar 2026"
32,Sharlene's,353 Flatbush Ave,Prospect Heights,4.23,2.5,1,RULED OUT - NO ROOM,UNKNOWN,UNKNOWN,RULED OUT,6/8,0.81,0.73,0.0,INDEPENDENT - opened by a former manager of Commonwealth; single location,IN,OPEN,no,,"RULED OUT BY CJ: no space in this bar for a dartboard. This confirms the read the room shape already pointed to - a long room with the bar down one side and tables down the other leaves only the walkway between them, and a lane needs ~11 ft PERPENDICULAR to a wall, the one dimension a shotgun room does not have. There was no unmentioned alcove.","Long narrow room; bar down one side, tables along the wall; pinball machines; CD jukebox",,,"CJ, 2026-09-18: clearly no space for a dartboard. Ruled out.",Bergen St (2/3) 0.12km; 7th Ave (B/Q) ~0.35km; Atlantic-Barclays 0.53km; A/C 0.73km; G 0.81km,"RULED OUT by CJ on space. Independent dive, strong transit, good location - but a long narrow room is the hardest geometry for darts and no alcove turned up to rescue it.",40.68,-73.974,,,,,"RULED OUT 2026-09-18 - no space for a dartboard; long narrow room, depth runs the wrong way"
33,Captain Dan's Good Time Tavern,497 Greene Ave,Bed-Stuy,3.71,4.4,1,RULED OUT - NO ROOM,UNKNOWN,RULED OUT - TRIVIA HOLDS TUESDAY,RULED OUT,8/8,0.52,0.82,0.0,"INDEPENDENT (likely) - single location, no group found",IN,OPEN,no,,"RULED OUT BY CJ: not enough space to run a lane. That settles the question the published descriptions never could - they were all about seating, never open floor.",Indoor + outdoor seating,,"Trivia at 7:30pm, and CJ's call is that it is a real conflict rather than something to coexist with. Not worth scoping on a trivia night after all.","CJ, 2026-09-18: no space, and Tuesday is already taken by trivia. Not worth going to look.",B44; G Bedford-Nostrand,"RULED OUT by CJ on both screens that matter: no room for a lane, and trivia already holds Tuesday at 7:30pm. Stings on paper - 8/8 transit and third-closest of anything considered at 3.71 km/player - but geography cannot buy a room or a free night.",40.6878,-73.9478,,,,,RULED OUT 2026-09-18 - no room for a lane + trivia holds Tuesday; not worth a visit
34,Chilo's,323 Franklin Ave,Bed-Stuy,3.94,3.6,1,CONFIRMED-TOO-SMALL,YES - KITCHEN,LIKELY OK,RULED OUT,4/8,0.91,0.05,0.0,"INDEPENDENT - majority owner Dave Zirin, sports editor of The Nation; single location",IN,OPEN,no,,"RULED OUT BY CJ: clearly not enough room inside for one board, let alone two. The photo evidence that had this DOUBTED is now decisive - the same kind of read that UPGRADED Bilt Bar, cutting the other way here. The winterized yard does not rescue it.",Backyard with a retractable roof - year-round usable; taco truck,"Tacos, tostadas, tortas; kitchen remodel finished - ""TACOS ARE BACK"" per their own site.",Mon-Thu 5pm-midnight. A 7pm start runs to ~11:30pm - workable but no slack.,"CJ, 2026-09-18: not enough space inside for a single board. Ruled out without a visit.",A/C Franklin,"RULED OUT by CJ on space: too little room inside for even one lane. Open, independent, full kitchen, winterized year-round yard - strong on everything except the one thing that decides it.",40.6812,-73.9565,,,,,RULED OUT 2026-09-18 - not enough interior space for even one board; no visit needed
35,Tip Top Bar & Grill,432 Franklin Ave,Bed-Stuy,3.79,4.1,2,LIKELY-TOO-SMALL,UNKNOWN,CLOSED TUE,,8/8,0.53,0.43,0.0,UNVERIFIED - no group affiliation found,IN,OPEN,no,,"KNOWN: described as feeling 'like someone turned their basement into a bar', which reads small and low-ceilinged. Moot anyway - closed Tuesdays.",'Like someone turned their basement into a bar',Name implies grill; unconfirmed,Operates THURSDAY-SUNDAY only,,G Bedford-Nostrand,HARD DISQUALIFY - shut Tuesdays,40.6848,-73.9569,,,,,
,Lover's Rock,419 Tompkins Ave,Bed-Stuy,3.77,4.2,2,LIKELY-TOO-SMALL,UNKNOWN,UNKNOWN,,0/8,0.88,0.95,DISQUALIFIED,UNVERIFIED - no group affiliation found,IN,CLOSED,no,,"KNOWN: backyard; rum/reggae party bar where crowds spill onto the sidewalk. INFERRED: crowds spilling outside usually means a tight interior. UNKNOWN: actual indoor dimensions - this is an inference, not a fact.","Breezy backyard; rum/reggae party bar, crowds spill onto sidewalk - indoor likely tight",,,,B44/B46 bus,"CLOSED 2025 per the bar's own Instagram. Was a rum-and-reggae bar, opened 2015.",40.6875,-73.9435,,,,,
,Fulton Hall,250 Ashland Pl,Fort Greene,4.15,2.8,4,RULED OUT,YES - KITCHEN,LIKELY OK,RULED OUT,6/8,0.22,0.35,DISQUALIFIED,"SMALL GROUP - Vortex Hospitality, 4 venues (Fulton Hall, Elder Greene, Ida's Nearabout, Brookside Market)",IN,OPEN,no,(718) 673-6740,"RULED OUT BY CJ: no visible playing area in the photos. NOTE - the earlier 'corporate' label was wrong. Vortex Hospitality runs four venues across Brooklyn and Queens, which is the same scale as the Fulton Grand and Cardiff Giant groups. Ownership is NOT a reason to exclude it.","Beer hall: high ceilings, communal tables, pool table, multiple TVs","Hand-crafted pub fare, weekend brunch, full kitchen",Mon-Thu 12pm-12am. A 7pm start runs to ~11:30pm - workable but no slack,CJ: nowhere in the photos to play. Ownership concern withdrawn after verification.,G Fulton St 0.2km; C Lafayette Ave 0.4km; Atlantic-Barclays hub 0.3km,"Ruled out on NO VISIBLE PLAY SPACE, not ownership. Correction: Vortex Hospitality is a 4-venue local group, not a chain - it passes the ownership screen. Had the best station access of any candidate found (G 0.2km, C 0.4km, Atlantic hub 0.3km), so worth a second look if the space question can be answered in person.",40.6866,-73.9779,,,,,
,Dynaco,1112 Bedford Ave,Bed-Stuy,3.71,,,PARTIAL,,,,,,,DISQUALIFIED,UNVERIFIED - no group affiliation found,IN,TEMPORARILY CLOSED,,,KNOWN: had a back room and a fireplace. UNKNOWN: back room size. Moot while temporarily closed - recheck on reopening.,,,,,,"Temporarily closed per CJ 2026-09-18. Had a back room + fireplace, Mon-Fri 5pm-5am. RECHECK - temporary, may reopen.",40.687,-73.9548,,,,,
,Project Parlor,742 Myrtle Ave,Bed-Stuy,3.56,,,UNKNOWN,,,,,,,DISQUALIFIED,UNVERIFIED - no group affiliation found,IN,CLOSED?,,(347) 497-0550,KNOWN: large outdoor yard. UNKNOWN: indoor space. Moot unless it turns out to be open.,,,,,,"Yelp CLOSED Feb 2026 + Foursquare permanently closed, BUT active Instagram. BEST GEOGRAPHIC SCORE FOUND (3.56 = exact optimum). Worth one call.",40.695,-73.952,,,,,
,Kubo (was Swell Dive),1013 Bedford Ave,Bed-Stuy,3.65,,,UNKNOWN,,,RECHECK IF IT REOPENS,,,,DISQUALIFIED,UNVERIFIED - no group affiliation found,IN,"TEMPORARILY CLOSED - per Google, Sept 2026",,,No space information gathered. Not yet assessed.,,,Karaoke reportedly starts at 10pm nightly - a likely conflict with a 7-11:30pm league. Moot while closed.,,,"1013 Bedford Ave has had three states in a year, so treat any status here as perishable. Swell Dive closed Sept 2025. Kubo, a Filipino bar, opened in the space 13 Feb 2026. As of Sept 2026 GOOGLE SHOWS IT TEMPORARILY CLOSED (spotted by CJ). Sources conflict: an Infatuation review from 20 Mar 2026 and Yelp hours from 16 Jun 2026 both show it trading, and there is no closure reporting - but all of that is months stale, and Yelp/Toast block automated checking so neither could be read live. CAUTION: an earlier note here claimed 'open as of Sept 2026'; that was inferred from a Yelp page title reading 'Updated September 2026', which indicates the page was updated, NOT that the business is trading. Do not repeat that inference. Worth rechecking if it reopens - at 3.65 km/player the address beats Fulton Grand on distance. Same handling as Dynaco.",40.689,-73.9558,,,,,ON HOLD 2026-09-18 - Google shows temporarily closed; recheck if it reopens
,The Low Post,1452 Fulton St,Bed-Stuy,4.15,,,UNKNOWN,,,,,,,DISQUALIFIED,UNVERIFIED - no group affiliation found,IN,CLOSED,,,No space information gathered.,,,,,,Yelp CLOSED Dec 2025. Was a sports bar + grill.,40.6798,-73.939,,,,,
,Brooklyn Public House,1048 Bedford Ave,Bed-Stuy,3.7,,,UNKNOWN,,,,,,,DISQUALIFIED,UNVERIFIED - no group affiliation found,IN,CLOSED,,,No space information gathered.,,,,,,Yelp closed.,40.6878,-73.955,,,,,
,Bed-Vyne Brew,370 Tompkins Ave,Bed-Stuy,3.8,,,UNKNOWN,,,,,,,DISQUALIFIED,UNVERIFIED - no group affiliation found,IN,CONFLICTING,,,No space information gathered.,,,,,,"One source says permanently closed, another lists Mon-Fri 4pm-1am. Verify.",40.6878,-73.9435,,,,,
,All Night Skate,54 Rockaway Ave,Ocean Hill,5.23,,,CONFIRMED-GOOD,,,,,,,DISQUALIFIED,UNVERIFIED - no group affiliation found,OUT,OPEN,,,KNOWN: an entire room given over to arcade games plus a second-floor balcony - would comfortably fit two lanes. Irrelevant: outside the circle.,,,,,,HARD NO - ~2km outside circle. Entire arcade room + balcony; would have been ideal for two boards.,40.681,-73.908,,,,,
,Wonderville,1186 Broadway,Bushwick edge,3.91,,,CONFIRMED-GOOD,,,,,,,DISQUALIFIED,UNVERIFIED - no group affiliation found,OUT,OPEN,,,"KNOWN: arcade bar running multiplayer games for up to 16 people, so real floor area. Irrelevant: outside the circle.",,,,,,"HARD NO - outside NE edge. Arcade bar, multiplayer up to 16.",40.696,-73.928,,,,,
,Turtles All the Way Down,236 Malcolm X Blvd,Bed-Stuy,3.89,,,UNKNOWN,,,,,,,DISQUALIFIED,UNVERIFIED - no group affiliation found,OUT,OPEN,,,No space information gathered.,,,,,,HARD NO - Malcolm X Blvd ~0.5km past boundary.,40.6845,-73.9295,,,,,
,Therapy Wine Bar 2.0,260 Malcolm X Blvd,Bed-Stuy,3.9,,,UNKNOWN,,,,,,,DISQUALIFIED,UNVERIFIED - no group affiliation found,OUT,OPEN,,,No space information gathered.,,,,,,HARD NO - outside; also a wine bar.,40.684,-73.9295,,,,,
,Bar Lunatico,486 Halsey St,Bed-Stuy,4.15,,,UNKNOWN,,,,,,,DISQUALIFIED,UNVERIFIED - no group affiliation found,OUT,OPEN,,,No space information gathered.,,,,,,HARD NO - on/just past the line; 'very narrow' with a stage.,40.6835,-73.9345,,,,,
,Hanson Dry,925 Fulton St,Clinton Hill,3.75,,,UNKNOWN,,,ENDORSED,,,,DISQUALIFIED,UNVERIFIED - no group affiliation found,IN,CLOSED,,,Midcentury lounge w/ walnut bar + cozy backyard. Moot if closed.,,,,"Named by commissioner's contact, but listed closed.",,Recommended by commissioner's contact BUT Yelp shows CLOSED (Feb 2026). Verify before dismissing.,40.6845,-73.966,,,,,
,Sound + Fury Brewery and Kitchen,141 Lawrence St,Downtown Brooklyn,4.48,,,RULED OUT,,,RULED OUT,,,,DISQUALIFIED,"INDEPENDENT - single location (formerly Circa Brewing Co, renamed)",IN,OPEN,,,,,,,RULED OUT BY CJ: wrong vibe - we want something divier - and too far.,,"Best raw space found in-boundary: 6,000 sq ft brewery, restaurant and event space, capacity to 300 standing, brick-oven pizza kitchen, 0.5km from Hoyt-Schermerhorn, the only A/C/G interchange in Brooklyn. RULED OUT on vibe and distance. Note on the distance reason: at 4.48 km/player it is further than The Layup (4.35) but CLOSER than the Park Slope league bars Monro Pub (5.02) and Farrell's (5.68), and essentially tied with Union Hall (4.52) - so vibe, not distance, is what separates it from Union Hall.",,,,,,,RULED OUT 2026-09-18 - vibe (want divier) + distance
,Threes Brewing,333 Douglass St,Gowanus,4.47,,,RULED OUT,,,RULED OUT,,,,DISQUALIFIED,"CHAIN - 5 sites: Gowanus, Greenpoint, Governors Island, Huntington, Moynihan store",IN,OPEN,,,,,,,"RULED OUT BY CJ: a big brewing chain, and the same vibe objection as Sound + Fury.",,"Open Tuesday noon-midnight with purpose-built event rooms (Tiny Montgomery 40 seated/75 standing, main bar 120, yard 150) and walking distance for Mark and Olivia. RULED OUT on the not-a-chain screen - five sites is past the 3-4 venue local group the screen allows - plus vibe.",,,,,,,RULED OUT 2026-09-18 - chain (5 sites) + vibe
,Rustik Tavern,471 DeKalb Ave,Clinton Hill / Fort Greene,3.62,,,RULED OUT,,CLOSED TUE,RULED OUT,,,,DISQUALIFIED,"SMALL LOCAL GROUP - 2 sites (471 DeKalb Ave + Brooklyn Navy Yard Bldg 77), since 2008",IN,OPEN,,,,,,Closed Mondays AND Tuesdays - a hard fail on the Tuesday screen regardless of anything else.,"CJ, 2026-09-18: more of a restaurant than a pub - would not want a dartboard on their walls anywhere.",,"RULED OUT on two counts: closed Mondays and Tuesdays, and CJ's read that a comfort-food restaurant would not want a board on the wall. The expensive part is the location - at 3.62 km/player it is the second-closest venue assessed, behind only The Emerson.",,,,,,,RULED OUT 2026-09-18 - closed Tuesdays + a restaurant that would not want a board
,Fourth Avenue Pub,76 4th Ave,Park Slope,4.32,,,RULED OUT,,,RULED OUT,,,,DISQUALIFIED,"SMALL LOCAL GROUP (per project notes, unconfirmed) - possibly with Fulton Grand and Washington Commons",IN,OPEN,,,,,,,"RULED OUT BY CJ: looks fun, but clearly not enough room for a board for us.",,"Costly loss. Best distance of the whole Gowanus/Slope cluster at 4.32 km/player - better than Union Hall, the Crown Inn and The Layup - and the project notes put it in the same ownership team as Fulton Grand (#6), so one intro might have opened both. Craft beer pub since 2007, 27 drafts, spacious back beer garden. RULED OUT on interior room.",,,,,,,RULED OUT 2026-09-18 - no interior room for a board
,High Dive,243 5th Ave,Park Slope,4.84,,,RULED OUT,,,RULED OUT,,,,DISQUALIFIED,INDEPENDENT (likely) - single location,IN,OPEN,,,,,,,RULED OUT: it does not actually have darts.,,"Surfaced on a Yelp ""dart bars in Brooklyn"" list, which is wrong: it has PINBALL and vintage arcade games, not darts. This is the pinball inference that already failed twice on this project (Hartley's, Glorietta Baldy's) - a pinball machine is a wall footprint, not a floor one. Kept here so the Yelp list does not resurface it.",,,,,,,"RULED OUT 2026-09-18 - has pinball/arcade, not darts"
,Littlefield,635 Sackett St,Gowanus,4.90,,,RULED OUT,,,RULED OUT,,,,DISQUALIFIED,SMALL LOCAL GROUP - single venue (sister to Public Records),IN,OPEN,,,,,,,RULED OUT BY CJ: no go.,,"A working music venue with a large room, but it books weeknights. RULED OUT by CJ.",,,,,,,"RULED OUT 2026-09-18 - CJ: no go, music venue"
,The Bell House,149 7th St,Gowanus,5.22,,,RULED OUT,,,RULED OUT,,,,DISQUALIFIED,SMALL LOCAL GROUP - with Union Hall and Floyd (3 venues),IN,OPEN,,,,,,,RULED OUT BY CJ: no go.,,"Large main room, but a working music and comedy venue that books weeknights, and at 5.22 km/player it is further than the old home bar. Same owners as Union Hall (#4). RULED OUT by CJ.",,,,,,,"RULED OUT 2026-09-18 - CJ: no go, music venue"
